CatalougeNumber,SupplierUniqueCatalogueNumber,BrandName,Generic,Manufacturer,Description,Dosage,Form,PackSize,PackSizeUnits,ProductType,RequiresRx,TaxName,IsTaxExempt,IsTaxIncluded,TaxPercent,PricePerPackage,CatalogTag,Status,IsDiscountAvailable,SupplierName
We will create this,A1,Activent syrup,Salbutamol ,Gilead,its desc12,2mg/5ml,syrup ,1,60ml sachet,medication,Yes,GST,No,Yes,10,96,,Available,0,ABC
,A2,AD-C plus,Ascorbic acid + Zinc,Novartis,,500mg/15mg,capsule,30, capsule pack,medication,No,VAT,No,Yes,10,6.5,,Available,1,XYZ
,A3,Advil ,Ibuprofen,J&J,,200mg,soft gel capsule,8, capsule pack,medication,Yes,VAT,No,Yes,10,9,,Available,0,ERT
,A4,Advil syrup,Ibuprofen ,,,100mg/5ml ,suspension,1,60ml sachet,medication,No,VAT,No,Yes,10,89,,Available,1,POUT
,A5,Advil ,Ibuprofen,J&J,its desc 56271111,200mg,soft gel capsule,8, capsule pack,medication,Yes,VAT,No,Yes,10,9,,Available,0,ERT
,A6,Advil 2,Ibuprofen,,,200mg,soft gel capsule,8, capsule pack,medication,Yes,VAT,No,Yes,10,9,,Available,0,ERT
,A7,Activent syrup,Salbutamol ,Gilead,its desc12,2mg/5ml,syrup ,1,60ml sachet,medication,Yes,GST,No,Yes,10,96,,Available,0,ABC
,A8,AD-C plus,Ascorbic acid + Zinc,Novartis,,500mg/15mg,capsule,30, capsule pack,medication,No,VAT,No,Yes,10,6.5,,Available,1,XYZ
,A9,Advil ,Ibuprofen,J&J,,200mg,soft gel capsule,8, capsule pack,medication,Yes,VAT,No,Yes,10,9,,Available,0,ERT
,A10,Advil syrup,Ibuprofen ,,,100mg/5ml ,suspension,1,60ml sachet,medication,No,VAT,No,Yes,10,89,,Available,1,POUT
,A11,Advil ,Ibuprofen,J&J,its desc 56271111,200mg,soft gel capsule,8, capsule pack,medication,Yes,VAT,No,Yes,10,9,,Available,0,ERT
,A12,Advil 2,Ibuprofen,,,200mg,soft gel capsule,8, capsule pack,medication,Yes,VAT,No,Yes,10,9,,Available,0,ERT
,A13,Activent syrup,Salbutamol ,Gilead,its desc12,2mg/5ml,syrup ,1,60ml sachet,medication,Yes,GST,No,Yes,10,96,,Available,0,ABC
,A14,AD-C plus,Ascorbic acid + Zinc,Novartis,,500mg/15mg,capsule,30, capsule pack,medication,No,VAT,No,Yes,10,6.5,,Available,1,XYZ
,A15,Advil ,Ibuprofen,J&J,,200mg,soft gel capsule,8, capsule pack,medication,Yes,VAT,No,Yes,10,9,,Available,0,ERT
,A16,Advil syrup,Ibuprofen ,,,100mg/5ml ,suspension,1,60ml sachet,medication,No,VAT,No,Yes,10,89,,Available,1,POUT
,A17,Advil ,Ibuprofen,J&J,its desc 56271111,200mg,soft gel capsule,8, capsule pack,medication,Yes,VAT,No,Yes,10,9,,Available,0,ERT
,A18,Advil 2,Ibuprofen,,,200mg,soft gel capsule,8, capsule pack,medication,Yes,VAT,No,Yes,10,9,,Available,0,ERT
,A19,Activent syrup,Salbutamol ,Gilead,its desc12,2mg/5ml,syrup ,1,60ml sachet,medication,Yes,GST,No,Yes,10,96,,Available,0,ABC
,A20,AD-C plus,Ascorbic acid + Zinc,Novartis,,500mg/15mg,capsule,30, capsule pack,medication,No,VAT,No,Yes,10,6.5,,Available,1,XYZ
,A21,Advil ,Ibuprofen,J&J,,200mg,soft gel capsule,8, capsule pack,medication,Yes,VAT,No,Yes,10,9,,Available,0,ERT
,A22,Advil syrup,Ibuprofen ,,,100mg/5ml ,suspension,1,60ml sachet,medication,No,VAT,No,Yes,10,89,,Available,1,POUT
,A23,Advil ,Ibuprofen,J&J,its desc 56271111,200mg,soft gel capsule,8, capsule pack,medication,Yes,VAT,No,Yes,10,9,,Available,0,ERT
,A24,Advil 2,Ibuprofen,,,200mg,soft gel capsule,8, capsule pack,medication,Yes,VAT,No,Yes,10,9,,Available,0,ERT
,A25,Activent syrup,Salbutamol ,Gilead,its desc12,2mg/5ml,syrup ,1,60ml sachet,medication,Yes,GST,No,Yes,10,96,,Available,0,ABC
,A26,AD-C plus,Ascorbic acid + Zinc,Novartis,,500mg/15mg,capsule,30, capsule pack,medication,No,VAT,No,Yes,10,6.5,,Available,1,XYZ
,A27,Advil ,Ibuprofen,J&J,,200mg,soft gel capsule,8, capsule pack,medication,Yes,VAT,No,Yes,10,9,,Available,0,ERT
,A28,Advil syrup,Ibuprofen ,,,100mg/5ml ,suspension,1,60ml sachet,medication,No,VAT,No,Yes,10,89,,Available,1,POUT
,A29,Advil ,Ibuprofen,J&J,its desc 56271111,200mg,soft gel capsule,8, capsule pack,medication,Yes,VAT,No,Yes,10,9,,Available,0,ERT
,A30,Advil 2,Ibuprofen,,,200mg,soft gel capsule,8, capsule pack,medication,Yes,VAT,No,Yes,10,9,,Available,0,ERT
,A31,Activent syrup,Salbutamol ,Gilead,its desc12,2mg/5ml,syrup ,1,60ml sachet,medication,Yes,GST,No,Yes,10,96,,Available,0,ABC
,A32,AD-C plus,Ascorbic acid + Zinc,Novartis,,500mg/15mg,capsule,30, capsule pack,medication,No,VAT,No,Yes,10,6.5,,Available,1,XYZ
,A33,Advil ,Ibuprofen,J&J,,200mg,soft gel capsule,8, capsule pack,medication,Yes,VAT,No,Yes,10,9,,Available,0,ERT
,A34,Advil syrup,Ibuprofen ,,,100mg/5ml ,suspension,1,60ml sachet,medication,No,VAT,No,Yes,10,89,,Available,1,POUT
,A35,Advil ,Ibuprofen,J&J,its desc 56271111,200mg,soft gel capsule,8, capsule pack,medication,Yes,VAT,No,Yes,10,9,,Available,0,ERT
,A36,Advil 2,Ibuprofen,,,200mg,soft gel capsule,8, capsule pack,medication,Yes,VAT,No,Yes,10,9,,Available,0,ERT
,A37,Activent syrup,Salbutamol ,Gilead,its desc12,2mg/5ml,syrup ,1,60ml sachet,medication,Yes,GST,No,Yes,10,96,,Available,0,ABC
,A38,AD-C plus,Ascorbic acid + Zinc,Novartis,,500mg/15mg,capsule,30, capsule pack,medication,No,VAT,No,Yes,10,6.5,,Available,1,XYZ
,A39,Advil ,Ibuprofen,J&J,,200mg,soft gel capsule,8, capsule pack,medication,Yes,VAT,No,Yes,10,9,,Available,0,ERT
,A40,Advil syrup,Ibuprofen ,,,100mg/5ml ,suspension,1,60ml sachet,medication,No,VAT,No,Yes,10,89,,Available,1,POUT
,A41,Advil ,Ibuprofen,J&J,its desc 56271111,200mg,soft gel capsule,8, capsule pack,medication,Yes,VAT,No,Yes,10,9,,Available,0,ERT
,A42,Advil 2,Ibuprofen,,,200mg,soft gel capsule,8, capsule pack,medication,Yes,VAT,No,Yes,10,9,,Available,0,ERT
,A43,Advil ,Ibuprofen,J&J,,200mg,soft gel capsule,8, capsule pack,medication,Yes,VAT,No,Yes,10,9,,Available,0,ERT
,A44,Advil syrup,Ibuprofen ,,,100mg/5ml ,suspension,1,60ml sachet,medication,No,VAT,No,Yes,10,89,,Available,1,POUT
,A45,Advil ,Ibuprofen,J&J,its desc 56271111,200mg,soft gel capsule,8, capsule pack,medication,Yes,VAT,No,Yes,10,9,,Available,0,ERT
,A46,Advil 2,Ibuprofen,,,200mg,soft gel capsule,8, capsule pack,medication,Yes,VAT,No,Yes,10,9,,Available,0,ERT
,A47,Activent syrup,Salbutamol ,Gilead,its desc12,2mg/5ml,syrup ,1,60ml sachet,medication,Yes,GST,No,Yes,10,96,,Available,0,ABC
,A48,AD-C plus,Ascorbic acid + Zinc,Novartis,,500mg/15mg,capsule,30, capsule pack,medication,No,VAT,No,Yes,10,6.5,,Available,1,XYZ
,A49,Advil ,Ibuprofen,J&J,,200mg,soft gel capsule,8, capsule pack,medication,Yes,VAT,No,Yes,10,9,,Available,0,ERT
,A50,Advil syrup,Ibuprofen ,,,100mg/5ml ,suspension,1,60ml sachet,medication,No,VAT,No,Yes,10,89,,Available,1,POUT
,A51,Advil ,Ibuprofen,J&J,its desc 56271111,200mg,soft gel capsule,8, capsule pack,medication,Yes,VAT,No,Yes,10,9,,Available,0,ERT
,A52,Advil 2,Ibuprofen,,,200mg,soft gel capsule,8, capsule pack,medication,Yes,VAT,No,Yes,10,9,,Available,0,ERT
,A53,Activent syrup,Salbutamol ,Gilead,its desc12,2mg/5ml,syrup ,1,60ml sachet,medication,Yes,GST,No,Yes,10,96,,Available,0,ABC
,A54,AD-C plus,Ascorbic acid + Zinc,Novartis,,500mg/15mg,capsule,30, capsule pack,medication,No,VAT,No,Yes,10,6.5,,Available,1,XYZ
,A55,Advil ,Ibuprofen,J&J,,200mg,soft gel capsule,8, capsule pack,medication,Yes,VAT,No,Yes,10,9,,Available,0,ERT
,A56,Advil syrup,Ibuprofen ,,,100mg/5ml ,suspension,1,60ml sachet,medication,No,VAT,No,Yes,10,89,,Available,1,POUT
,A57,Advil ,Ibuprofen,J&J,its desc 56271111,200mg,soft gel capsule,8, capsule pack,medication,Yes,VAT,No,Yes,10,9,,Available,0,ERT
,A58,Advil 2,Ibuprofen,,,200mg,soft gel capsule,8, capsule pack,medication,Yes,VAT,No,Yes,10,9,,Available,0,ERT
,A59,Activent syrup,Salbutamol ,Gilead,its desc12,2mg/5ml,syrup ,1,60ml sachet,medication,Yes,GST,No,Yes,10,96,,Available,0,ABC
,A60,AD-C plus,Ascorbic acid + Zinc,Novartis,,500mg/15mg,capsule,30, capsule pack,medication,No,VAT,No,Yes,10,6.5,,Available,1,XYZ
,A61,Advil ,Ibuprofen,J&J,,200mg,soft gel capsule,8, capsule pack,medication,Yes,VAT,No,Yes,10,9,,Available,0,ERT
,A62,Advil syrup,Ibuprofen ,,,100mg/5ml ,suspension,1,60ml sachet,medication,No,VAT,No,Yes,10,89,,Available,1,POUT
,A63,Advil ,Ibuprofen,J&J,its desc 56271111,200mg,soft gel capsule,8, capsule pack,medication,Yes,VAT,No,Yes,10,9,,Available,0,ERT
,A64,Advil 2,Ibuprofen,,,200mg,soft gel capsule,8, capsule pack,medication,Yes,VAT,No,Yes,10,9,,Available,0,ERT
,A65,Activent syrup,Salbutamol ,Gilead,its desc12,2mg/5ml,syrup ,1,60ml sachet,medication,Yes,GST,No,Yes,10,96,,Available,0,ABC
,A66,AD-C plus,Ascorbic acid + Zinc,Novartis,,500mg/15mg,capsule,30, capsule pack,medication,No,VAT,No,Yes,10,6.5,,Available,1,XYZ
,A67,Advil ,Ibuprofen,J&J,,200mg,soft gel capsule,8, capsule pack,medication,Yes,VAT,No,Yes,10,9,,Available,0,ERT
,A68,Advil syrup,Ibuprofen ,,,100mg/5ml ,suspension,1,60ml sachet,medication,No,VAT,No,Yes,10,89,,Available,1,POUT
,A69,Advil ,Ibuprofen,J&J,its desc 56271111,200mg,soft gel capsule,8, capsule pack,medication,Yes,VAT,No,Yes,10,9,,Available,0,ERT
,A70,Advil 2,Ibuprofen,,,200mg,soft gel capsule,8, capsule pack,medication,Yes,VAT,No,Yes,10,9,,Available,0,ERT
,A71,Advil ,Ibuprofen,J&J,,200mg,soft gel capsule,8, capsule pack,medication,Yes,VAT,No,Yes,10,9,,Available,0,ERT
,A72,Advil syrup,Ibuprofen ,,,100mg/5ml ,suspension,1,60ml sachet,medication,No,VAT,No,Yes,10,89,,Available,1,POUT
,A73,Advil ,Ibuprofen,J&J,its desc 56271111,200mg,soft gel capsule,8, capsule pack,medication,Yes,VAT,No,Yes,10,9,,Available,0,ERT
,A74,Advil 2,Ibuprofen,,,200mg,soft gel capsule,8, capsule pack,medication,Yes,VAT,No,Yes,10,9,,Available,0,ERT
,A75,Activent syrup,Salbutamol ,Gilead,its desc12,2mg/5ml,syrup ,1,60ml sachet,medication,Yes,GST,No,Yes,10,96,,Available,0,ABC
,A76,AD-C plus,Ascorbic acid + Zinc,Novartis,,500mg/15mg,capsule,30, capsule pack,medication,No,VAT,No,Yes,10,6.5,,Available,1,XYZ
,A77,Advil ,Ibuprofen,J&J,,200mg,soft gel capsule,8, capsule pack,medication,Yes,VAT,No,Yes,10,9,,Available,0,ERT
,A78,Advil syrup,Ibuprofen ,,,100mg/5ml ,suspension,1,60ml sachet,medication,No,VAT,No,Yes,10,89,,Available,1,POUT
,A79,Advil ,Ibuprofen,J&J,its desc 56271111,200mg,soft gel capsule,8, capsule pack,medication,Yes,VAT,No,Yes,10,9,,Available,0,ERT
,A80,Advil 2,Ibuprofen,,,200mg,soft gel capsule,8, capsule pack,medication,Yes,VAT,No,Yes,10,9,,Available,0,ERT
,A81,Activent syrup,Salbutamol ,Gilead,its desc12,2mg/5ml,syrup ,1,60ml sachet,medication,Yes,GST,No,Yes,10,96,,Available,0,ABC
,A82,AD-C plus,Ascorbic acid + Zinc,Novartis,,500mg/15mg,capsule,30, capsule pack,medication,No,VAT,No,Yes,10,6.5,,Available,1,XYZ
,A83,Advil ,Ibuprofen,J&J,,200mg,soft gel capsule,8, capsule pack,medication,Yes,VAT,No,Yes,10,9,,Available,0,ERT
,A84,Advil syrup,Ibuprofen ,,,100mg/5ml ,suspension,1,60ml sachet,medication,No,VAT,No,Yes,10,89,,Available,1,POUT
,A85,Advil ,Ibuprofen,J&J,its desc 56271111,200mg,soft gel capsule,8, capsule pack,medication,Yes,VAT,No,Yes,10,9,,Available,0,ERT
,A86,Advil 2,Ibuprofen,,,200mg,soft gel capsule,8, capsule pack,medication,Yes,VAT,No,Yes,10,9,,Available,0,ERT
,A87,Activent syrup,Salbutamol ,Gilead,its desc12,2mg/5ml,syrup ,1,60ml sachet,medication,Yes,GST,No,Yes,10,96,,Available,0,ABC
,A88,AD-C plus,Ascorbic acid + Zinc,Novartis,,500mg/15mg,capsule,30, capsule pack,medication,No,VAT,No,Yes,10,6.5,,Available,1,XYZ
,A89,Advil ,Ibuprofen,J&J,,200mg,soft gel capsule,8, capsule pack,medication,Yes,VAT,No,Yes,10,9,,Available,0,ERT
,A90,Advil syrup,Ibuprofen ,,,100mg/5ml ,suspension,1,60ml sachet,medication,No,VAT,No,Yes,10,89,,Available,1,POUT
,A91,Advil ,Ibuprofen,J&J,its desc 56271111,200mg,soft gel capsule,8, capsule pack,medication,Yes,VAT,No,Yes,10,9,,Available,0,ERT
,A92,Advil 2,Ibuprofen,,,200mg,soft gel capsule,8, capsule pack,medication,Yes,VAT,No,Yes,10,9,,Available,0,ERT
,A93,Activent syrup,Salbutamol ,Gilead,its desc12,2mg/5ml,syrup ,1,60ml sachet,medication,Yes,GST,No,Yes,10,96,,Available,0,ABC
,A94,AD-C plus,Ascorbic acid + Zinc,Novartis,,500mg/15mg,capsule,30, capsule pack,medication,No,VAT,No,Yes,10,6.5,,Available,1,XYZ
,A95,Advil ,Ibuprofen,J&J,,200mg,soft gel capsule,8, capsule pack,medication,Yes,VAT,No,Yes,10,9,,Available,0,ERT
,A96,Advil syrup,Ibuprofen ,,,100mg/5ml ,suspension,1,60ml sachet,medication,No,VAT,No,Yes,10,89,,Available,1,POUT
,A97,Advil ,Ibuprofen,J&J,its desc 56271111,200mg,soft gel capsule,8, capsule pack,medication,Yes,VAT,No,Yes,10,9,,Available,0,ERT
,A98,Advil 2,Ibuprofen,,,200mg,soft gel capsule,8, capsule pack,medication,Yes,VAT,No,Yes,10,9,,Available,0,ERT
,A99,Advil ,Ibuprofen,J&J,,200mg,soft gel capsule,8, capsule pack,medication,Yes,VAT,No,Yes,10,9,,Available,0,ERT
,A100,Advil syrup,Ibuprofen ,,,100mg/5ml ,suspension,1,60ml sachet,medication,No,VAT,No,Yes,10,89,,Available,1,POUT
,A101,Advil ,Ibuprofen,J&J,its desc 56271111,200mg,soft gel capsule,8, capsule pack,medication,Yes,VAT,No,Yes,10,9,,Available,0,ERT
,A102,Advil 2,Ibuprofen,,,200mg,soft gel capsule,8, capsule pack,medication,Yes,VAT,No,Yes,10,9,,Available,0,ERT
,A103,Activent syrup,Salbutamol ,Gilead,its desc12,2mg/5ml,syrup ,1,60ml sachet,medication,Yes,GST,No,Yes,10,96,,Available,0,ABC
,A104,AD-C plus,Ascorbic acid + Zinc,Novartis,,500mg/15mg,capsule,30, capsule pack,medication,No,VAT,No,Yes,10,6.5,,Available,1,XYZ
,A105,Advil ,Ibuprofen,J&J,,200mg,soft gel capsule,8, capsule pack,medication,Yes,VAT,No,Yes,10,9,,Available,0,ERT
,A106,Advil syrup,Ibuprofen ,,,100mg/5ml ,suspension,1,60ml sachet,medication,No,VAT,No,Yes,10,89,,Available,1,POUT
,A107,Advil ,Ibuprofen,J&J,its desc 56271111,200mg,soft gel capsule,8, capsule pack,medication,Yes,VAT,No,Yes,10,9,,Available,0,ERT
,A108,Advil 2,Ibuprofen,,,200mg,soft gel capsule,8, capsule pack,medication,Yes,VAT,No,Yes,10,9,,Available,0,ERT
,A109,Activent syrup,Salbutamol ,Gilead,its desc12,2mg/5ml,syrup ,1,60ml sachet,medication,Yes,GST,No,Yes,10,96,,Available,0,ABC
,A110,AD-C plus,Ascorbic acid + Zinc,Novartis,,500mg/15mg,capsule,30, capsule pack,medication,No,VAT,No,Yes,10,6.5,,Available,1,XYZ
,A111,Advil ,Ibuprofen,J&J,,200mg,soft gel capsule,8, capsule pack,medication,Yes,VAT,No,Yes,10,9,,Available,0,ERT
,A112,Advil syrup,Ibuprofen ,,,100mg/5ml ,suspension,1,60ml sachet,medication,No,VAT,No,Yes,10,89,,Available,1,POUT
,A113,Advil ,Ibuprofen,J&J,its desc 56271111,200mg,soft gel capsule,8, capsule pack,medication,Yes,VAT,No,Yes,10,9,,Available,0,ERT
,A114,Advil 2,Ibuprofen,,,200mg,soft gel capsule,8, capsule pack,medication,Yes,VAT,No,Yes,10,9,,Available,0,ERT
,A115,Activent syrup,Salbutamol ,Gilead,its desc12,2mg/5ml,syrup ,1,60ml sachet,medication,Yes,GST,No,Yes,10,96,,Available,0,ABC
,A116,AD-C plus,Ascorbic acid + Zinc,Novartis,,500mg/15mg,capsule,30, capsule pack,medication,No,VAT,No,Yes,10,6.5,,Available,1,XYZ
,A117,Advil ,Ibuprofen,J&J,,200mg,soft gel capsule,8, capsule pack,medication,Yes,VAT,No,Yes,10,9,,Available,0,ERT
,A118,Advil syrup,Ibuprofen ,,,100mg/5ml ,suspension,1,60ml sachet,medication,No,VAT,No,Yes,10,89,,Available,1,POUT
,A119,Advil ,Ibuprofen,J&J,its desc 56271111,200mg,soft gel capsule,8, capsule pack,medication,Yes,VAT,No,Yes,10,9,,Available,0,ERT
,A120,Advil 2,Ibuprofen,,,200mg,soft gel capsule,8, capsule pack,medication,Yes,VAT,No,Yes,10,9,,Available,0,ERT
,A121,Activent syrup,Salbutamol ,Gilead,its desc12,2mg/5ml,syrup ,1,60ml sachet,medication,Yes,GST,No,Yes,10,96,,Available,0,ABC
,A122,AD-C plus,Ascorbic acid + Zinc,Novartis,,500mg/15mg,capsule,30, capsule pack,medication,No,VAT,No,Yes,10,6.5,,Available,1,XYZ
,A123,Advil ,Ibuprofen,J&J,,200mg,soft gel capsule,8, capsule pack,medication,Yes,VAT,No,Yes,10,9,,Available,0,ERT
,A124,Advil syrup,Ibuprofen ,,,100mg/5ml ,suspension,1,60ml sachet,medication,No,VAT,No,Yes,10,89,,Available,1,POUT
,A125,Advil ,Ibuprofen,J&J,its desc 56271111,200mg,soft gel capsule,8, capsule pack,medication,Yes,VAT,No,Yes,10,9,,Available,0,ERT
,A126,Advil 2,Ibuprofen,,,200mg,soft gel capsule,8, capsule pack,medication,Yes,VAT,No,Yes,10,9,,Available,0,ERT
,A127,Advil ,Ibuprofen,J&J,,200mg,soft gel capsule,8, capsule pack,medication,Yes,VAT,No,Yes,10,9,,Available,0,ERT
,A128,Advil syrup,Ibuprofen ,,,100mg/5ml ,suspension,1,60ml sachet,medication,No,VAT,No,Yes,10,89,,Available,1,POUT
,A129,Advil ,Ibuprofen,J&J,its desc 56271111,200mg,soft gel capsule,8, capsule pack,medication,Yes,VAT,No,Yes,10,9,,Available,0,ERT
,A130,Advil 2,Ibuprofen,,,200mg,soft gel capsule,8, capsule pack,medication,Yes,VAT,No,Yes,10,9,,Available,0,ERT
,A131,Activent syrup,Salbutamol ,Gilead,its desc12,2mg/5ml,syrup ,1,60ml sachet,medication,Yes,GST,No,Yes,10,96,,Available,0,ABC
,A132,AD-C plus,Ascorbic acid + Zinc,Novartis,,500mg/15mg,capsule,30, capsule pack,medication,No,VAT,No,Yes,10,6.5,,Available,1,XYZ
,A133,Advil ,Ibuprofen,J&J,,200mg,soft gel capsule,8, capsule pack,medication,Yes,VAT,No,Yes,10,9,,Available,0,ERT
,A134,Advil syrup,Ibuprofen ,,,100mg/5ml ,suspension,1,60ml sachet,medication,No,VAT,No,Yes,10,89,,Available,1,POUT
,A135,Advil ,Ibuprofen,J&J,its desc 56271111,200mg,soft gel capsule,8, capsule pack,medication,Yes,VAT,No,Yes,10,9,,Available,0,ERT
,A136,Advil 2,Ibuprofen,,,200mg,soft gel capsule,8, capsule pack,medication,Yes,VAT,No,Yes,10,9,,Available,0,ERT
,A137,Activent syrup,Salbutamol ,Gilead,its desc12,2mg/5ml,syrup ,1,60ml sachet,medication,Yes,GST,No,Yes,10,96,,Available,0,ABC
,A138,AD-C plus,Ascorbic acid + Zinc,Novartis,,500mg/15mg,capsule,30, capsule pack,medication,No,VAT,No,Yes,10,6.5,,Available,1,XYZ
,A139,Advil ,Ibuprofen,J&J,,200mg,soft gel capsule,8, capsule pack,medication,Yes,VAT,No,Yes,10,9,,Available,0,ERT
,A140,Advil syrup,Ibuprofen ,,,100mg/5ml ,suspension,1,60ml sachet,medication,No,VAT,No,Yes,10,89,,Available,1,POUT
,A141,Advil ,Ibuprofen,J&J,its desc 56271111,200mg,soft gel capsule,8, capsule pack,medication,Yes,VAT,No,Yes,10,9,,Available,0,ERT
,A142,Advil 2,Ibuprofen,,,200mg,soft gel capsule,8, capsule pack,medication,Yes,VAT,No,Yes,10,9,,Available,0,ERT
,A143,Activent syrup,Salbutamol ,Gilead,its desc12,2mg/5ml,syrup ,1,60ml sachet,medication,Yes,GST,No,Yes,10,96,,Available,0,ABC
,A144,AD-C plus,Ascorbic acid + Zinc,Novartis,,500mg/15mg,capsule,30, capsule pack,medication,No,VAT,No,Yes,10,6.5,,Available,1,XYZ
,A145,Advil ,Ibuprofen,J&J,,200mg,soft gel capsule,8, capsule pack,medication,Yes,VAT,No,Yes,10,9,,Available,0,ERT
,A146,Advil syrup,Ibuprofen ,,,100mg/5ml ,suspension,1,60ml sachet,medication,No,VAT,No,Yes,10,89,,Available,1,POUT
,A147,Advil ,Ibuprofen,J&J,its desc 56271111,200mg,soft gel capsule,8, capsule pack,medication,Yes,VAT,No,Yes,10,9,,Available,0,ERT
,A148,Advil 2,Ibuprofen,,,200mg,soft gel capsule,8, capsule pack,medication,Yes,VAT,No,Yes,10,9,,Available,0,ERT
,A149,Activent syrup,Salbutamol ,Gilead,its desc12,2mg/5ml,syrup ,1,60ml sachet,medication,Yes,GST,No,Yes,10,96,,Available,0,ABC
,A150,AD-C plus,Ascorbic acid + Zinc,Novartis,,500mg/15mg,capsule,30, capsule pack,medication,No,VAT,No,Yes,10,6.5,,Available,1,XYZ
,A151,Advil ,Ibuprofen,J&J,,200mg,soft gel capsule,8, capsule pack,medication,Yes,VAT,No,Yes,10,9,,Available,0,ERT
,A152,Advil syrup,Ibuprofen ,,,100mg/5ml ,suspension,1,60ml sachet,medication,No,VAT,No,Yes,10,89,,Available,1,POUT
,A153,Advil ,Ibuprofen,J&J,its desc 56271111,200mg,soft gel capsule,8, capsule pack,medication,Yes,VAT,No,Yes,10,9,,Available,0,ERT
,A154,Advil 2,Ibuprofen,,,200mg,soft gel capsule,8, capsule pack,medication,Yes,VAT,No,Yes,10,9,,Available,0,ERT
,A155,Advil ,Ibuprofen,J&J,,200mg,soft gel capsule,8, capsule pack,medication,Yes,VAT,No,Yes,10,9,,Available,0,ERT
,A156,Advil syrup,Ibuprofen ,,,100mg/5ml ,suspension,1,60ml sachet,medication,No,VAT,No,Yes,10,89,,Available,1,POUT
,A157,Advil ,Ibuprofen,J&J,its desc 56271111,200mg,soft gel capsule,8, capsule pack,medication,Yes,VAT,No,Yes,10,9,,Available,0,ERT
,A158,Advil 2,Ibuprofen,,,200mg,soft gel capsule,8, capsule pack,medication,Yes,VAT,No,Yes,10,9,,Available,0,ERT
,A159,Activent syrup,Salbutamol ,Gilead,its desc12,2mg/5ml,syrup ,1,60ml sachet,medication,Yes,GST,No,Yes,10,96,,Available,0,ABC
,A160,AD-C plus,Ascorbic acid + Zinc,Novartis,,500mg/15mg,capsule,30, capsule pack,medication,No,VAT,No,Yes,10,6.5,,Available,1,XYZ
,A161,Advil ,Ibuprofen,J&J,,200mg,soft gel capsule,8, capsule pack,medication,Yes,VAT,No,Yes,10,9,,Available,0,ERT
,A162,Advil syrup,Ibuprofen ,,,100mg/5ml ,suspension,1,60ml sachet,medication,No,VAT,No,Yes,10,89,,Available,1,POUT
,A163,Advil ,Ibuprofen,J&J,its desc 56271111,200mg,soft gel capsule,8, capsule pack,medication,Yes,VAT,No,Yes,10,9,,Available,0,ERT
,A164,Advil 2,Ibuprofen,,,200mg,soft gel capsule,8, capsule pack,medication,Yes,VAT,No,Yes,10,9,,Available,0,ERT
,A165,Activent syrup,Salbutamol ,Gilead,its desc12,2mg/5ml,syrup ,1,60ml sachet,medication,Yes,GST,No,Yes,10,96,,Available,0,ABC
,A166,AD-C plus,Ascorbic acid + Zinc,Novartis,,500mg/15mg,capsule,30, capsule pack,medication,No,VAT,No,Yes,10,6.5,,Available,1,XYZ
,A167,Advil ,Ibuprofen,J&J,,200mg,soft gel capsule,8, capsule pack,medication,Yes,VAT,No,Yes,10,9,,Available,0,ERT
,A168,Advil syrup,Ibuprofen ,,,100mg/5ml ,suspension,1,60ml sachet,medication,No,VAT,No,Yes,10,89,,Available,1,POUT
,A169,Advil ,Ibuprofen,J&J,its desc 56271111,200mg,soft gel capsule,8, capsule pack,medication,Yes,VAT,No,Yes,10,9,,Available,0,ERT
,A170,Advil 2,Ibuprofen,,,200mg,soft gel capsule,8, capsule pack,medication,Yes,VAT,No,Yes,10,9,,Available,0,ERT
,A171,Activent syrup,Salbutamol ,Gilead,its desc12,2mg/5ml,syrup ,1,60ml sachet,medication,Yes,GST,No,Yes,10,96,,Available,0,ABC
,A172,AD-C plus,Ascorbic acid + Zinc,Novartis,,500mg/15mg,capsule,30, capsule pack,medication,No,VAT,No,Yes,10,6.5,,Available,1,XYZ
,A173,Advil ,Ibuprofen,J&J,,200mg,soft gel capsule,8, capsule pack,medication,Yes,VAT,No,Yes,10,9,,Available,0,ERT
,A174,Advil syrup,Ibuprofen ,,,100mg/5ml ,suspension,1,60ml sachet,medication,No,VAT,No,Yes,10,89,,Available,1,POUT
,A175,Advil ,Ibuprofen,J&J,its desc 56271111,200mg,soft gel capsule,8, capsule pack,medication,Yes,VAT,No,Yes,10,9,,Available,0,ERT
,A176,Advil 2,Ibuprofen,,,200mg,soft gel capsule,8, capsule pack,medication,Yes,VAT,No,Yes,10,9,,Available,0,ERT
,A177,Activent syrup,Salbutamol ,Gilead,its desc12,2mg/5ml,syrup ,1,60ml sachet,medication,Yes,GST,No,Yes,10,96,,Available,0,ABC
,A178,AD-C plus,Ascorbic acid + Zinc,Novartis,,500mg/15mg,capsule,30, capsule pack,medication,No,VAT,No,Yes,10,6.5,,Available,1,XYZ
,A179,Advil ,Ibuprofen,J&J,,200mg,soft gel capsule,8, capsule pack,medication,Yes,VAT,No,Yes,10,9,,Available,0,ERT
,A180,Advil syrup,Ibuprofen ,,,100mg/5ml ,suspension,1,60ml sachet,medication,No,VAT,No,Yes,10,89,,Available,1,POUT
,A181,Advil ,Ibuprofen,J&J,its desc 56271111,200mg,soft gel capsule,8, capsule pack,medication,Yes,VAT,No,Yes,10,9,,Available,0,ERT
,A182,Advil 2,Ibuprofen,,,200mg,soft gel capsule,8, capsule pack,medication,Yes,VAT,No,Yes,10,9,,Available,0,ERT
,A183,Advil ,Ibuprofen,J&J,,200mg,soft gel capsule,8, capsule pack,medication,Yes,VAT,No,Yes,10,9,,Available,0,ERT
,A184,Advil syrup,Ibuprofen ,,,100mg/5ml ,suspension,1,60ml sachet,medication,No,VAT,No,Yes,10,89,,Available,1,POUT
,A185,Advil ,Ibuprofen,J&J,its desc 56271111,200mg,soft gel capsule,8, capsule pack,medication,Yes,VAT,No,Yes,10,9,,Available,0,ERT
,A186,Advil 2,Ibuprofen,,,200mg,soft gel capsule,8, capsule pack,medication,Yes,VAT,No,Yes,10,9,,Available,0,ERT
,A187,Activent syrup,Salbutamol ,Gilead,its desc12,2mg/5ml,syrup ,1,60ml sachet,medication,Yes,GST,No,Yes,10,96,,Available,0,ABC
,A188,AD-C plus,Ascorbic acid + Zinc,Novartis,,500mg/15mg,capsule,30, capsule pack,medication,No,VAT,No,Yes,10,6.5,,Available,1,XYZ
,A189,Advil ,Ibuprofen,J&J,,200mg,soft gel capsule,8, capsule pack,medication,Yes,VAT,No,Yes,10,9,,Available,0,ERT
,A190,Advil syrup,Ibuprofen ,,,100mg/5ml ,suspension,1,60ml sachet,medication,No,VAT,No,Yes,10,89,,Available,1,POUT
,A191,Advil ,Ibuprofen,J&J,its desc 56271111,200mg,soft gel capsule,8, capsule pack,medication,Yes,VAT,No,Yes,10,9,,Available,0,ERT
,A192,Advil 2,Ibuprofen,,,200mg,soft gel capsule,8, capsule pack,medication,Yes,VAT,No,Yes,10,9,,Available,0,ERT
,A193,Activent syrup,Salbutamol ,Gilead,its desc12,2mg/5ml,syrup ,1,60ml sachet,medication,Yes,GST,No,Yes,10,96,,Available,0,ABC
,A194,AD-C plus,Ascorbic acid + Zinc,Novartis,,500mg/15mg,capsule,30, capsule pack,medication,No,VAT,No,Yes,10,6.5,,Available,1,XYZ
,A195,Advil ,Ibuprofen,J&J,,200mg,soft gel capsule,8, capsule pack,medication,Yes,VAT,No,Yes,10,9,,Available,0,ERT
,A196,Advil syrup,Ibuprofen ,,,100mg/5ml ,suspension,1,60ml sachet,medication,No,VAT,No,Yes,10,89,,Available,1,POUT
,A197,Advil ,Ibuprofen,J&J,its desc 56271111,200mg,soft gel capsule,8, capsule pack,medication,Yes,VAT,No,Yes,10,9,,Available,0,ERT
,A198,Advil 2,Ibuprofen,,,200mg,soft gel capsule,8, capsule pack,medication,Yes,VAT,No,Yes,10,9,,Available,0,ERT
,A199,Activent syrup,Salbutamol ,Gilead,its desc12,2mg/5ml,syrup ,1,60ml sachet,medication,Yes,GST,No,Yes,10,96,,Available,0,ABC
,A200,AD-C plus,Ascorbic acid + Zinc,Novartis,,500mg/15mg,capsule,30, capsule pack,medication,No,VAT,No,Yes,10,6.5,,Available,1,XYZ
,A201,Advil ,Ibuprofen,J&J,,200mg,soft gel capsule,8, capsule pack,medication,Yes,VAT,No,Yes,10,9,,Available,0,ERT
,A202,Advil syrup,Ibuprofen ,,,100mg/5ml ,suspension,1,60ml sachet,medication,No,VAT,No,Yes,10,89,,Available,1,POUT
,A203,Advil ,Ibuprofen,J&J,its desc 56271111,200mg,soft gel capsule,8, capsule pack,medication,Yes,VAT,No,Yes,10,9,,Available,0,ERT
,A204,Advil 2,Ibuprofen,,,200mg,soft gel capsule,8, capsule pack,medication,Yes,VAT,No,Yes,10,9,,Available,0,ERT
,A205,Activent syrup,Salbutamol ,Gilead,its desc12,2mg/5ml,syrup ,1,60ml sachet,medication,Yes,GST,No,Yes,10,96,,Available,0,ABC
,A206,AD-C plus,Ascorbic acid + Zinc,Novartis,,500mg/15mg,capsule,30, capsule pack,medication,No,VAT,No,Yes,10,6.5,,Available,1,XYZ
,A207,Advil ,Ibuprofen,J&J,,200mg,soft gel capsule,8, capsule pack,medication,Yes,VAT,No,Yes,10,9,,Available,0,ERT
,A208,Advil syrup,Ibuprofen ,,,100mg/5ml ,suspension,1,60ml sachet,medication,No,VAT,No,Yes,10,89,,Available,1,POUT
,A209,Advil ,Ibuprofen,J&J,its desc 56271111,200mg,soft gel capsule,8, capsule pack,medication,Yes,VAT,No,Yes,10,9,,Available,0,ERT
,A210,Advil 2,Ibuprofen,,,200mg,soft gel capsule,8, capsule pack,medication,Yes,VAT,No,Yes,10,9,,Available,0,ERT
,A211,Advil ,Ibuprofen,J&J,,200mg,soft gel capsule,8, capsule pack,medication,Yes,VAT,No,Yes,10,9,,Available,0,ERT
,A212,Advil syrup,Ibuprofen ,,,100mg/5ml ,suspension,1,60ml sachet,medication,No,VAT,No,Yes,10,89,,Available,1,POUT
,A213,Advil ,Ibuprofen,J&J,its desc 56271111,200mg,soft gel capsule,8, capsule pack,medication,Yes,VAT,No,Yes,10,9,,Available,0,ERT
,A214,Advil 2,Ibuprofen,,,200mg,soft gel capsule,8, capsule pack,medication,Yes,VAT,No,Yes,10,9,,Available,0,ERT
,A215,Activent syrup,Salbutamol ,Gilead,its desc12,2mg/5ml,syrup ,1,60ml sachet,medication,Yes,GST,No,Yes,10,96,,Available,0,ABC
,A216,AD-C plus,Ascorbic acid + Zinc,Novartis,,500mg/15mg,capsule,30, capsule pack,medication,No,VAT,No,Yes,10,6.5,,Available,1,XYZ
,A217,Advil ,Ibuprofen,J&J,,200mg,soft gel capsule,8, capsule pack,medication,Yes,VAT,No,Yes,10,9,,Available,0,ERT
,A218,Advil syrup,Ibuprofen ,,,100mg/5ml ,suspension,1,60ml sachet,medication,No,VAT,No,Yes,10,89,,Available,1,POUT
,A219,Advil ,Ibuprofen,J&J,its desc 56271111,200mg,soft gel capsule,8, capsule pack,medication,Yes,VAT,No,Yes,10,9,,Available,0,ERT
,A220,Advil 2,Ibuprofen,,,200mg,soft gel capsule,8, capsule pack,medication,Yes,VAT,No,Yes,10,9,,Available,0,ERT
,A221,Activent syrup,Salbutamol ,Gilead,its desc12,2mg/5ml,syrup ,1,60ml sachet,medication,Yes,GST,No,Yes,10,96,,Available,0,ABC
,A222,AD-C plus,Ascorbic acid + Zinc,Novartis,,500mg/15mg,capsule,30, capsule pack,medication,No,VAT,No,Yes,10,6.5,,Available,1,XYZ
,A223,Advil ,Ibuprofen,J&J,,200mg,soft gel capsule,8, capsule pack,medication,Yes,VAT,No,Yes,10,9,,Available,0,ERT
,A224,Advil syrup,Ibuprofen ,,,100mg/5ml ,suspension,1,60ml sachet,medication,No,VAT,No,Yes,10,89,,Available,1,POUT
,A225,Advil ,Ibuprofen,J&J,its desc 56271111,200mg,soft gel capsule,8, capsule pack,medication,Yes,VAT,No,Yes,10,9,,Available,0,ERT
,A226,Advil 2,Ibuprofen,,,200mg,soft gel capsule,8, capsule pack,medication,Yes,VAT,No,Yes,10,9,,Available,0,ERT
,A227,Activent syrup,Salbutamol ,Gilead,its desc12,2mg/5ml,syrup ,1,60ml sachet,medication,Yes,GST,No,Yes,10,96,,Available,0,ABC
,A228,AD-C plus,Ascorbic acid + Zinc,Novartis,,500mg/15mg,capsule,30, capsule pack,medication,No,VAT,No,Yes,10,6.5,,Available,1,XYZ
,A229,Advil ,Ibuprofen,J&J,,200mg,soft gel capsule,8, capsule pack,medication,Yes,VAT,No,Yes,10,9,,Available,0,ERT
,A230,Advil syrup,Ibuprofen ,,,100mg/5ml ,suspension,1,60ml sachet,medication,No,VAT,No,Yes,10,89,,Available,1,POUT
,A231,Advil ,Ibuprofen,J&J,its desc 56271111,200mg,soft gel capsule,8, capsule pack,medication,Yes,VAT,No,Yes,10,9,,Available,0,ERT
,A232,Advil 2,Ibuprofen,,,200mg,soft gel capsule,8, capsule pack,medication,Yes,VAT,No,Yes,10,9,,Available,0,ERT
,A233,Activent syrup,Salbutamol ,Gilead,its desc12,2mg/5ml,syrup ,1,60ml sachet,medication,Yes,GST,No,Yes,10,96,,Available,0,ABC
,A234,AD-C plus,Ascorbic acid + Zinc,Novartis,,500mg/15mg,capsule,30, capsule pack,medication,No,VAT,No,Yes,10,6.5,,Available,1,XYZ
,A235,Advil ,Ibuprofen,J&J,,200mg,soft gel capsule,8, capsule pack,medication,Yes,VAT,No,Yes,10,9,,Available,0,ERT
,A236,Advil syrup,Ibuprofen ,,,100mg/5ml ,suspension,1,60ml sachet,medication,No,VAT,No,Yes,10,89,,Available,1,POUT
,A237,Advil ,Ibuprofen,J&J,its desc 56271111,200mg,soft gel capsule,8, capsule pack,medication,Yes,VAT,No,Yes,10,9,,Available,0,ERT
,A238,Advil 2,Ibuprofen,,,200mg,soft gel capsule,8, capsule pack,medication,Yes,VAT,No,Yes,10,9,,Available,0,ERT
,A239,Advil ,Ibuprofen,J&J,,200mg,soft gel capsule,8, capsule pack,medication,Yes,VAT,No,Yes,10,9,,Available,0,ERT
,A240,Advil syrup,Ibuprofen ,,,100mg/5ml ,suspension,1,60ml sachet,medication,No,VAT,No,Yes,10,89,,Available,1,POUT
,A241,Advil ,Ibuprofen,J&J,its desc 56271111,200mg,soft gel capsule,8, capsule pack,medication,Yes,VAT,No,Yes,10,9,,Available,0,ERT
,A242,Advil 2,Ibuprofen,,,200mg,soft gel capsule,8, capsule pack,medication,Yes,VAT,No,Yes,10,9,,Available,0,ERT
,A243,Activent syrup,Salbutamol ,Gilead,its desc12,2mg/5ml,syrup ,1,60ml sachet,medication,Yes,GST,No,Yes,10,96,,Available,0,ABC
,A244,AD-C plus,Ascorbic acid + Zinc,Novartis,,500mg/15mg,capsule,30, capsule pack,medication,No,VAT,No,Yes,10,6.5,,Available,1,XYZ
,A245,Advil ,Ibuprofen,J&J,,200mg,soft gel capsule,8, capsule pack,medication,Yes,VAT,No,Yes,10,9,,Available,0,ERT
,A246,Advil syrup,Ibuprofen ,,,100mg/5ml ,suspension,1,60ml sachet,medication,No,VAT,No,Yes,10,89,,Available,1,POUT
,A247,Advil ,Ibuprofen,J&J,its desc 56271111,200mg,soft gel capsule,8, capsule pack,medication,Yes,VAT,No,Yes,10,9,,Available,0,ERT
,A248,Advil 2,Ibuprofen,,,200mg,soft gel capsule,8, capsule pack,medication,Yes,VAT,No,Yes,10,9,,Available,0,ERT
,A249,Activent syrup,Salbutamol ,Gilead,its desc12,2mg/5ml,syrup ,1,60ml sachet,medication,Yes,GST,No,Yes,10,96,,Available,0,ABC
,A250,AD-C plus,Ascorbic acid + Zinc,Novartis,,500mg/15mg,capsule,30, capsule pack,medication,No,VAT,No,Yes,10,6.5,,Available,1,XYZ
,A251,Advil ,Ibuprofen,J&J,,200mg,soft gel capsule,8, capsule pack,medication,Yes,VAT,No,Yes,10,9,,Available,0,ERT
,A252,Advil syrup,Ibuprofen ,,,100mg/5ml ,suspension,1,60ml sachet,medication,No,VAT,No,Yes,10,89,,Available,1,POUT
,A253,Advil ,Ibuprofen,J&J,its desc 56271111,200mg,soft gel capsule,8, capsule pack,medication,Yes,VAT,No,Yes,10,9,,Available,0,ERT
,A254,Advil 2,Ibuprofen,,,200mg,soft gel capsule,8, capsule pack,medication,Yes,VAT,No,Yes,10,9,,Available,0,ERT
,A255,Activent syrup,Salbutamol ,Gilead,its desc12,2mg/5ml,syrup ,1,60ml sachet,medication,Yes,GST,No,Yes,10,96,,Available,0,ABC
,A256,AD-C plus,Ascorbic acid + Zinc,Novartis,,500mg/15mg,capsule,30, capsule pack,medication,No,VAT,No,Yes,10,6.5,,Available,1,XYZ
,A257,Advil ,Ibuprofen,J&J,,200mg,soft gel capsule,8, capsule pack,medication,Yes,VAT,No,Yes,10,9,,Available,0,ERT
,A258,Advil syrup,Ibuprofen ,,,100mg/5ml ,suspension,1,60ml sachet,medication,No,VAT,No,Yes,10,89,,Available,1,POUT
,A259,Advil ,Ibuprofen,J&J,its desc 56271111,200mg,soft gel capsule,8, capsule pack,medication,Yes,VAT,No,Yes,10,9,,Available,0,ERT
,A260,Advil 2,Ibuprofen,,,200mg,soft gel capsule,8, capsule pack,medication,Yes,VAT,No,Yes,10,9,,Available,0,ERT
,A261,Activent syrup,Salbutamol ,Gilead,its desc12,2mg/5ml,syrup ,1,60ml sachet,medication,Yes,GST,No,Yes,10,96,,Available,0,ABC
,A262,AD-C plus,Ascorbic acid + Zinc,Novartis,,500mg/15mg,capsule,30, capsule pack,medication,No,VAT,No,Yes,10,6.5,,Available,1,XYZ
,A263,Advil ,Ibuprofen,J&J,,200mg,soft gel capsule,8, capsule pack,medication,Yes,VAT,No,Yes,10,9,,Available,0,ERT
,A264,Advil syrup,Ibuprofen ,,,100mg/5ml ,suspension,1,60ml sachet,medication,No,VAT,No,Yes,10,89,,Available,1,POUT
,A265,Advil ,Ibuprofen,J&J,its desc 56271111,200mg,soft gel capsule,8, capsule pack,medication,Yes,VAT,No,Yes,10,9,,Available,0,ERT
,A266,Advil 2,Ibuprofen,,,200mg,soft gel capsule,8, capsule pack,medication,Yes,VAT,No,Yes,10,9,,Available,0,ERT
,A267,Advil ,Ibuprofen,J&J,,200mg,soft gel capsule,8, capsule pack,medication,Yes,VAT,No,Yes,10,9,,Available,0,ERT
,A268,Advil syrup,Ibuprofen ,,,100mg/5ml ,suspension,1,60ml sachet,medication,No,VAT,No,Yes,10,89,,Available,1,POUT
,A269,Advil ,Ibuprofen,J&J,its desc 56271111,200mg,soft gel capsule,8, capsule pack,medication,Yes,VAT,No,Yes,10,9,,Available,0,ERT
,A270,Advil 2,Ibuprofen,,,200mg,soft gel capsule,8, capsule pack,medication,Yes,VAT,No,Yes,10,9,,Available,0,ERT
,A271,Activent syrup,Salbutamol ,Gilead,its desc12,2mg/5ml,syrup ,1,60ml sachet,medication,Yes,GST,No,Yes,10,96,,Available,0,ABC
,A272,AD-C plus,Ascorbic acid + Zinc,Novartis,,500mg/15mg,capsule,30, capsule pack,medication,No,VAT,No,Yes,10,6.5,,Available,1,XYZ
,A273,Advil ,Ibuprofen,J&J,,200mg,soft gel capsule,8, capsule pack,medication,Yes,VAT,No,Yes,10,9,,Available,0,ERT
,A274,Advil syrup,Ibuprofen ,,,100mg/5ml ,suspension,1,60ml sachet,medication,No,VAT,No,Yes,10,89,,Available,1,POUT
,A275,Advil ,Ibuprofen,J&J,its desc 56271111,200mg,soft gel capsule,8, capsule pack,medication,Yes,VAT,No,Yes,10,9,,Available,0,ERT
,A276,Advil 2,Ibuprofen,,,200mg,soft gel capsule,8, capsule pack,medication,Yes,VAT,No,Yes,10,9,,Available,0,ERT
,A277,Activent syrup,Salbutamol ,Gilead,its desc12,2mg/5ml,syrup ,1,60ml sachet,medication,Yes,GST,No,Yes,10,96,,Available,0,ABC
,A278,AD-C plus,Ascorbic acid + Zinc,Novartis,,500mg/15mg,capsule,30, capsule pack,medication,No,VAT,No,Yes,10,6.5,,Available,1,XYZ
,A279,Advil ,Ibuprofen,J&J,,200mg,soft gel capsule,8, capsule pack,medication,Yes,VAT,No,Yes,10,9,,Available,0,ERT
,A280,Advil syrup,Ibuprofen ,,,100mg/5ml ,suspension,1,60ml sachet,medication,No,VAT,No,Yes,10,89,,Available,1,POUT
,A281,Advil ,Ibuprofen,J&J,its desc 56271111,200mg,soft gel capsule,8, capsule pack,medication,Yes,VAT,No,Yes,10,9,,Available,0,ERT
,A282,Advil 2,Ibuprofen,,,200mg,soft gel capsule,8, capsule pack,medication,Yes,VAT,No,Yes,10,9,,Available,0,ERT
,A283,Activent syrup,Salbutamol ,Gilead,its desc12,2mg/5ml,syrup ,1,60ml sachet,medication,Yes,GST,No,Yes,10,96,,Available,0,ABC
,A284,AD-C plus,Ascorbic acid + Zinc,Novartis,,500mg/15mg,capsule,30, capsule pack,medication,No,VAT,No,Yes,10,6.5,,Available,1,XYZ
,A285,Advil ,Ibuprofen,J&J,,200mg,soft gel capsule,8, capsule pack,medication,Yes,VAT,No,Yes,10,9,,Available,0,ERT
,A286,Advil syrup,Ibuprofen ,,,100mg/5ml ,suspension,1,60ml sachet,medication,No,VAT,No,Yes,10,89,,Available,1,POUT
,A287,Advil ,Ibuprofen,J&J,its desc 56271111,200mg,soft gel capsule,8, capsule pack,medication,Yes,VAT,No,Yes,10,9,,Available,0,ERT
,A288,Advil 2,Ibuprofen,,,200mg,soft gel capsule,8, capsule pack,medication,Yes,VAT,No,Yes,10,9,,Available,0,ERT
,A289,Activent syrup,Salbutamol ,Gilead,its desc12,2mg/5ml,syrup ,1,60ml sachet,medication,Yes,GST,No,Yes,10,96,,Available,0,ABC
,A290,AD-C plus,Ascorbic acid + Zinc,Novartis,,500mg/15mg,capsule,30, capsule pack,medication,No,VAT,No,Yes,10,6.5,,Available,1,XYZ
,A291,Advil ,Ibuprofen,J&J,,200mg,soft gel capsule,8, capsule pack,medication,Yes,VAT,No,Yes,10,9,,Available,0,ERT
,A292,Advil syrup,Ibuprofen ,,,100mg/5ml ,suspension,1,60ml sachet,medication,No,VAT,No,Yes,10,89,,Available,1,POUT
,A293,Advil ,Ibuprofen,J&J,its desc 56271111,200mg,soft gel capsule,8, capsule pack,medication,Yes,VAT,No,Yes,10,9,,Available,0,ERT
,A294,Advil 2,Ibuprofen,,,200mg,soft gel capsule,8, capsule pack,medication,Yes,VAT,No,Yes,10,9,,Available,0,ERT
,A295,Advil ,Ibuprofen,J&J,,200mg,soft gel capsule,8, capsule pack,medication,Yes,VAT,No,Yes,10,9,,Available,0,ERT
,A296,Advil syrup,Ibuprofen ,,,100mg/5ml ,suspension,1,60ml sachet,medication,No,VAT,No,Yes,10,89,,Available,1,POUT
,A297,Advil ,Ibuprofen,J&J,its desc 56271111,200mg,soft gel capsule,8, capsule pack,medication,Yes,VAT,No,Yes,10,9,,Available,0,ERT
,A298,Advil 2,Ibuprofen,,,200mg,soft gel capsule,8, capsule pack,medication,Yes,VAT,No,Yes,10,9,,Available,0,ERT
,A299,Activent syrup,Salbutamol ,Gilead,its desc12,2mg/5ml,syrup ,1,60ml sachet,medication,Yes,GST,No,Yes,10,96,,Available,0,ABC
,A300,AD-C plus,Ascorbic acid + Zinc,Novartis,,500mg/15mg,capsule,30, capsule pack,medication,No,VAT,No,Yes,10,6.5,,Available,1,XYZ
,A301,Advil ,Ibuprofen,J&J,,200mg,soft gel capsule,8, capsule pack,medication,Yes,VAT,No,Yes,10,9,,Available,0,ERT
,A302,Advil syrup,Ibuprofen ,,,100mg/5ml ,suspension,1,60ml sachet,medication,No,VAT,No,Yes,10,89,,Available,1,POUT
,A303,Advil ,Ibuprofen,J&J,its desc 56271111,200mg,soft gel capsule,8, capsule pack,medication,Yes,VAT,No,Yes,10,9,,Available,0,ERT
,A304,Advil 2,Ibuprofen,,,200mg,soft gel capsule,8, capsule pack,medication,Yes,VAT,No,Yes,10,9,,Available,0,ERT
,A305,Activent syrup,Salbutamol ,Gilead,its desc12,2mg/5ml,syrup ,1,60ml sachet,medication,Yes,GST,No,Yes,10,96,,Available,0,ABC
,A306,AD-C plus,Ascorbic acid + Zinc,Novartis,,500mg/15mg,capsule,30, capsule pack,medication,No,VAT,No,Yes,10,6.5,,Available,1,XYZ
,A307,Advil ,Ibuprofen,J&J,,200mg,soft gel capsule,8, capsule pack,medication,Yes,VAT,No,Yes,10,9,,Available,0,ERT
,A308,Advil syrup,Ibuprofen ,,,100mg/5ml ,suspension,1,60ml sachet,medication,No,VAT,No,Yes,10,89,,Available,1,POUT
,A309,Advil ,Ibuprofen,J&J,its desc 56271111,200mg,soft gel capsule,8, capsule pack,medication,Yes,VAT,No,Yes,10,9,,Available,0,ERT
,A310,Advil 2,Ibuprofen,,,200mg,soft gel capsule,8, capsule pack,medication,Yes,VAT,No,Yes,10,9,,Available,0,ERT
,A311,Activent syrup,Salbutamol ,Gilead,its desc12,2mg/5ml,syrup ,1,60ml sachet,medication,Yes,GST,No,Yes,10,96,,Available,0,ABC
,A312,AD-C plus,Ascorbic acid + Zinc,Novartis,,500mg/15mg,capsule,30, capsule pack,medication,No,VAT,No,Yes,10,6.5,,Available,1,XYZ
,A313,Advil ,Ibuprofen,J&J,,200mg,soft gel capsule,8, capsule pack,medication,Yes,VAT,No,Yes,10,9,,Available,0,ERT
,A314,Advil syrup,Ibuprofen ,,,100mg/5ml ,suspension,1,60ml sachet,medication,No,VAT,No,Yes,10,89,,Available,1,POUT
,A315,Advil ,Ibuprofen,J&J,its desc 56271111,200mg,soft gel capsule,8, capsule pack,medication,Yes,VAT,No,Yes,10,9,,Available,0,ERT
,A316,Advil 2,Ibuprofen,,,200mg,soft gel capsule,8, capsule pack,medication,Yes,VAT,No,Yes,10,9,,Available,0,ERT
,A317,Activent syrup,Salbutamol ,Gilead,its desc12,2mg/5ml,syrup ,1,60ml sachet,medication,Yes,GST,No,Yes,10,96,,Available,0,ABC
,A318,AD-C plus,Ascorbic acid + Zinc,Novartis,,500mg/15mg,capsule,30, capsule pack,medication,No,VAT,No,Yes,10,6.5,,Available,1,XYZ
,A319,Advil ,Ibuprofen,J&J,,200mg,soft gel capsule,8, capsule pack,medication,Yes,VAT,No,Yes,10,9,,Available,0,ERT
,A320,Advil syrup,Ibuprofen ,,,100mg/5ml ,suspension,1,60ml sachet,medication,No,VAT,No,Yes,10,89,,Available,1,POUT
,A321,Advil ,Ibuprofen,J&J,its desc 56271111,200mg,soft gel capsule,8, capsule pack,medication,Yes,VAT,No,Yes,10,9,,Available,0,ERT
,A322,Advil 2,Ibuprofen,,,200mg,soft gel capsule,8, capsule pack,medication,Yes,VAT,No,Yes,10,9,,Available,0,ERT
,A323,Advil ,Ibuprofen,J&J,,200mg,soft gel capsule,8, capsule pack,medication,Yes,VAT,No,Yes,10,9,,Available,0,ERT
,A324,Advil syrup,Ibuprofen ,,,100mg/5ml ,suspension,1,60ml sachet,medication,No,VAT,No,Yes,10,89,,Available,1,POUT
,A325,Advil ,Ibuprofen,J&J,its desc 56271111,200mg,soft gel capsule,8, capsule pack,medication,Yes,VAT,No,Yes,10,9,,Available,0,ERT
,A326,Advil 2,Ibuprofen,,,200mg,soft gel capsule,8, capsule pack,medication,Yes,VAT,No,Yes,10,9,,Available,0,ERT
,A327,Activent syrup,Salbutamol ,Gilead,its desc12,2mg/5ml,syrup ,1,60ml sachet,medication,Yes,GST,No,Yes,10,96,,Available,0,ABC
,A328,AD-C plus,Ascorbic acid + Zinc,Novartis,,500mg/15mg,capsule,30, capsule pack,medication,No,VAT,No,Yes,10,6.5,,Available,1,XYZ
,A329,Advil ,Ibuprofen,J&J,,200mg,soft gel capsule,8, capsule pack,medication,Yes,VAT,No,Yes,10,9,,Available,0,ERT
,A330,Advil syrup,Ibuprofen ,,,100mg/5ml ,suspension,1,60ml sachet,medication,No,VAT,No,Yes,10,89,,Available,1,POUT
,A331,Advil ,Ibuprofen,J&J,its desc 56271111,200mg,soft gel capsule,8, capsule pack,medication,Yes,VAT,No,Yes,10,9,,Available,0,ERT
,A332,Advil 2,Ibuprofen,,,200mg,soft gel capsule,8, capsule pack,medication,Yes,VAT,No,Yes,10,9,,Available,0,ERT
,A333,Activent syrup,Salbutamol ,Gilead,its desc12,2mg/5ml,syrup ,1,60ml sachet,medication,Yes,GST,No,Yes,10,96,,Available,0,ABC
,A334,AD-C plus,Ascorbic acid + Zinc,Novartis,,500mg/15mg,capsule,30, capsule pack,medication,No,VAT,No,Yes,10,6.5,,Available,1,XYZ
,A335,Advil ,Ibuprofen,J&J,,200mg,soft gel capsule,8, capsule pack,medication,Yes,VAT,No,Yes,10,9,,Available,0,ERT
,A336,Advil syrup,Ibuprofen ,,,100mg/5ml ,suspension,1,60ml sachet,medication,No,VAT,No,Yes,10,89,,Available,1,POUT
,A337,Advil ,Ibuprofen,J&J,its desc 56271111,200mg,soft gel capsule,8, capsule pack,medication,Yes,VAT,No,Yes,10,9,,Available,0,ERT
,A338,Advil 2,Ibuprofen,,,200mg,soft gel capsule,8, capsule pack,medication,Yes,VAT,No,Yes,10,9,,Available,0,ERT
,A339,Activent syrup,Salbutamol ,Gilead,its desc12,2mg/5ml,syrup ,1,60ml sachet,medication,Yes,GST,No,Yes,10,96,,Available,0,ABC
,A340,AD-C plus,Ascorbic acid + Zinc,Novartis,,500mg/15mg,capsule,30, capsule pack,medication,No,VAT,No,Yes,10,6.5,,Available,1,XYZ
,A341,Advil ,Ibuprofen,J&J,,200mg,soft gel capsule,8, capsule pack,medication,Yes,VAT,No,Yes,10,9,,Available,0,ERT
,A342,Advil syrup,Ibuprofen ,,,100mg/5ml ,suspension,1,60ml sachet,medication,No,VAT,No,Yes,10,89,,Available,1,POUT
,A343,Advil ,Ibuprofen,J&J,its desc 56271111,200mg,soft gel capsule,8, capsule pack,medication,Yes,VAT,No,Yes,10,9,,Available,0,ERT
,A344,Advil 2,Ibuprofen,,,200mg,soft gel capsule,8, capsule pack,medication,Yes,VAT,No,Yes,10,9,,Available,0,ERT
,A345,Activent syrup,Salbutamol ,Gilead,its desc12,2mg/5ml,syrup ,1,60ml sachet,medication,Yes,GST,No,Yes,10,96,,Available,0,ABC
,A346,AD-C plus,Ascorbic acid + Zinc,Novartis,,500mg/15mg,capsule,30, capsule pack,medication,No,VAT,No,Yes,10,6.5,,Available,1,XYZ
,A347,Advil ,Ibuprofen,J&J,,200mg,soft gel capsule,8, capsule pack,medication,Yes,VAT,No,Yes,10,9,,Available,0,ERT
,A348,Advil syrup,Ibuprofen ,,,100mg/5ml ,suspension,1,60ml sachet,medication,No,VAT,No,Yes,10,89,,Available,1,POUT
,A349,Advil ,Ibuprofen,J&J,its desc 56271111,200mg,soft gel capsule,8, capsule pack,medication,Yes,VAT,No,Yes,10,9,,Available,0,ERT
,A350,Advil 2,Ibuprofen,,,200mg,soft gel capsule,8, capsule pack,medication,Yes,VAT,No,Yes,10,9,,Available,0,ERT
